path,size_bytes,modified_utc,sha256,suffix,rows,json_records
output/aifs_ens_20260728_00z_daily_summary.csv,2587,2026-07-29T03:11:10.515253+00:00,d5e809c9a33fbcf49e60edcdeac1c0b07623579c85618384ef99a69efbd979bb,.csv,10,
output/aifs_ens_20260728_00z_daily_summary.json,4539,2026-07-29T03:11:10.516475+00:00,3a4d792555a4ac5461d8f95997415f041d31ddd4ededc972033a32a7a1a9f034,.json,,10
output/aifs_ens_20260728_00z_global_6hourly_members.csv,340314,2026-07-29T03:11:10.512091+00:00,8f08e794b3e7c24fbec7e30f5eafeb6a84590b39aca14eb087681bc5534a58c4,.csv,2091,
output/aifs_ens_20260728_00z_global_daily_members.csv,61836,2026-07-29T03:11:10.514565+00:00,30059ade8aa32ab00e34a20b7a5b47439f6806e4b3096de586ea59bb4678309b,.csv,561,
output/ecmwf_ens_20260728_00z_daily_summary.csv,2574,2026-07-29T00:14:09.715527+00:00,ba2291a70909af399fb6c5da4afe93cb94350ac89e74f135888e0c625c690d61,.csv,10,
output/ecmwf_ens_20260728_00z_daily_summary.json,4539,2026-07-29T00:14:09.716969+00:00,3c7442a27790b98edb15ec7450edaf70650d2c84564f0a17be14c23180c959de,.json,,10
output/ecmwf_ens_20260728_00z_global_6hourly_members.csv,342374,2026-07-29T00:14:09.709590+00:00,806a95b5921c0e7d243f8b2d53deac4b0d7264fcd19240fa6a1dfd0f14276a6d,.csv,2091,
output/ecmwf_ens_20260728_00z_global_daily_members.csv,61824,2026-07-29T00:14:09.715114+00:00,a969e316c24888ade610c55d58da6326a1a112a8e91dc20a14b0347288c0fe73,.csv,561,
output/era5t_global_daily.csv,462,2026-07-29T03:33:35.890453+00:00,6abfe94b60d9a338f0230fd0ef21e5028fb65a0dbab5e3a16ed8dc7f038b0362,.csv,2,
output/era5t_global_hourly.csv,5061,2026-07-29T03:33:35.890078+00:00,4224f9bb4e172a353d48cb14b87c62d0bd06285851ada661145b60ec6375500c,.csv,48,
output/gdps_20260728_00z_global_6hourly.csv,5388,2026-07-28T12:11:56.416348+00:00,02a47957ae7c55705ad76bbe4c5d5dcc6b3ca28d4ca64e6d4ac844edcc504a8a,.csv,41,
output/gdps_20260728_00z_global_daily.csv,1194,2026-07-28T12:11:56.416862+00:00,f771299e081d5c0dfc25e57ce5bbe61205c15bdf44275751aba4d4267ce7f4c7,.csv,11,
output/gdps_20260728_00z_global_daily_complete.csv,1095,2026-07-28T12:11:56.417286+00:00,095b3981adbc457d60acbe1f71656f01a0a074081c8fa77d2e52063d08b515d5,.csv,10,
output/gdps_20260728_00z_global_daily_complete.json,2679,2026-07-28T12:11:56.418622+00:00,8ad92b77b1c4c024a57398eeb301207d6a617df79cefbcbbbc2b3a6258f6fb8e,.json,,10
output/gefs_20260728_00z_daily_summary.csv,2568,2026-07-28T11:31:24.975609+00:00,7f77da3e7a9b902632c19c94895fd3268cb47a3236c75a52e103b2af5b8ce70f,.csv,10,
output/gefs_20260728_00z_daily_summary.json,4541,2026-07-28T11:31:24.977573+00:00,39f706b17ae07d16f4a4fe63b4bb7b115f5517f88e8315471fc5f5245ba1dc4d,.json,,10
output/gefs_20260728_00z_global_6hourly_members.csv,174384,2026-07-28T11:31:24.972337+00:00,6894f3736083093d49876d270c6817f1eb4bb137be0db2954e91c149085e1536,.csv,1271,
output/gefs_20260728_00z_global_daily_members.csv,34253,2026-07-28T11:31:24.974859+00:00,e77915a337d887a8a30080632d31794e99e5c4151e50dab085c74deba3fa4014,.csv,341,
output/gefs_20260728_00z_july_28_31_members.csv,802,2026-07-28T11:30:50.409056+00:00,3e3da33aab6114d9dc0efa1d5997937d689eb1e83ccd92231386b50654c64972,.csv,31,
output/gefs_geps_ecmwf_ens_20260728_00z.csv,4094,2026-07-29T00:15:59.137622+00:00,fa86594f0654edf85c310f019d768acef343084604152a6d6fbe7891bf9f31e1,.csv,10,
output/gefs_vs_geps_20260728_00z.csv,5211,2026-07-28T19:10:33.885660+00:00,fb41bdf6f7a52852ee9a285ee7bcd569b045d20f85d94d5b72cab75ae4fe2830,.csv,10,
output/geps_20260728_00z_daily_summary.csv,2578,2026-07-28T19:10:11.127214+00:00,b094f1bce9197f74854d35a6516dce0952eec8a21116a3747a3fe5ddd4362efc,.csv,10,
output/geps_20260728_00z_daily_summary.json,4542,2026-07-28T19:10:11.128341+00:00,294af94626c934b02924585f8d7cfd5ca0e78fa8d279e79b11245e71fa0f20d1,.json,,10
output/geps_20260728_00z_global_6hourly_members.csv,127796,2026-07-28T19:10:11.125581+00:00,600afec27dbe8782ad2ce987aa4db5655b9a94a33d9ff943ef4120eb1ba60ea8,.csv,861,
output/geps_20260728_00z_global_daily_members.csv,23226,2026-07-28T19:10:11.126735+00:00,cc5d119abc2deb7cb3d0c8fae2308d60adefbc5dfe6981744cd5ecfd04baeca5,.csv,231,
output/gfs_gefs_gdps_20260728_00z.csv,3067,2026-07-28T12:12:57.720182+00:00,cb5ade17801d0f4633fb83683118b7739db1b0fb6f19b5ba128dad2bb8b2a33f,.csv,10,
output/gfs_gefs_gdps_icon_20260728_00z.csv,3506,2026-07-28T12:40:46.633075+00:00,8e0813388abc6c7bca5a5d7b41967f35374bed0dddadc3b8ec61692f5cdc0b71,.csv,7,
output/gfs_global_6hourly.csv,4254,2026-07-28T08:55:48.705012+00:00,2a46270ffc6f66c3a09c1ae0f12dfa35b6c09e1f3c2dc6fb3a7a2066f03e0b37,.csv,41,
output/gfs_global_daily.csv,1072,2026-07-28T08:55:48.705848+00:00,46bbc2c5827f1b5d8ec7ab139d51547aa1966176460a844c406353d9e1a2e73e,.csv,11,
output/gfs_global_daily_complete.csv,981,2026-07-28T11:32:49.723062+00:00,653f6b1a34130f5651935e98b367b034b232a1508905440e30b7729fe8ce66dc,.csv,10,
output/gfs_vs_gefs_20260728_00z.csv,2094,2026-07-28T11:33:26.815204+00:00,9e836be0289fab70cdf949f9fcb3018338c0539e6048fb69fea3f22af575bee6,.csv,10,
output/icon_20260728_00z_global_6hourly.csv,5452,2026-07-28T12:38:01.119792+00:00,db5a0e485975d09fcb0ea3e712dd12e5d44ea9893a95e1c875d0e87f4a78f8d7,.csv,31,
output/icon_20260728_00z_global_daily.csv,900,2026-07-28T12:38:01.120350+00:00,2cc78ccba20f274d8a8b793ae2a15df9324efb925c95740ed737ad87b0a59747,.csv,8,
output/icon_20260728_00z_global_daily_complete.csv,802,2026-07-28T12:38:01.120763+00:00,26a32a76891a7e0183ef258be2ca869ad971337006a4aca6f2154ac04e0cc5bc,.csv,7,
output/icon_20260728_00z_global_daily_complete.json,1874,2026-07-28T12:38:01.122535+00:00,a713967bdcd3f2fbd08e9545d7aa520c94f23ea6e75b03e355f163bf344691a1,.json,,7
output/multimodel_consensus_20260728_00z.csv,7898,2026-07-29T03:18:53.336552+00:00,6fa2daecb64c334c187165ac9a1d3c48a856d1fbeeb6c4a7af4b140d2cd39777,.csv,10,
output/multimodel_consensus_20260728_00z.json,16663,2026-07-29T03:18:53.337159+00:00,b00b7cf2696e8451cc8e20bb63a7f0141cf256deff3650dcd381f622a63163c8,.json,,10
output/verification/aifs_ens_20260728_00z_member_errors.csv,261,2026-07-29T03:33:37.216046+00:00,28303ae1d9e03e6b565d215290531d0124c6b51fcb50d7371cdef1059ade6815,.csv,0,
output/verification/aifs_ens_20260728_00z_vs_era5t.csv,332,2026-07-29T03:33:37.215657+00:00,f738aff07d3d49c65c1fd85ac2d234941bfd1d5346f4ae312e074e2bb4842a66,.csv,0,
output/verification/ecmwf_ens_20260728_00z_member_errors.csv,261,2026-07-29T03:33:37.000627+00:00,28303ae1d9e03e6b565d215290531d0124c6b51fcb50d7371cdef1059ade6815,.csv,0,
output/verification/ecmwf_ens_20260728_00z_vs_era5t.csv,334,2026-07-29T03:33:37.000484+00:00,b9b53222c9a1a4958273e07e7d3025c65030a4e91c1307df378dbf9ed8a0b319,.csv,0,
output/verification/gdps_20260728_00z_vs_era5t.csv,196,2026-07-29T03:33:36.362363+00:00,796733145b1b2c214436ff652b8e5a2d131d4a3ef9b797fcef87f8e5ef3a753a,.csv,0,
output/verification/gefs_20260728_00z_member_errors.csv,203,2026-07-29T03:33:36.150056+00:00,452e841454abfaa6758f37a5b0def673a0e62c1c0cff6b2510c065d210c70fcf,.csv,0,
output/verification/gefs_20260728_00z_vs_era5t.csv,236,2026-07-29T03:33:36.147914+00:00,3c3a8281e2d2fca0a70db61388568faed58562ccb1c693b0e0ca551d63757723,.csv,0,
output/verification/geps_20260728_00z_member_errors.csv,249,2026-07-29T03:33:36.786263+00:00,82c6093b6ab256bb45cd983a3a6169e23c0fafd93ce6dd66716be6351f2bcb9c,.csv,0,
output/verification/geps_20260728_00z_vs_era5t.csv,359,2026-07-29T03:33:36.786117+00:00,fe28b776e3ae125409b8e0146c9e92f569e3a117fc47b15be34f17e57ee5ebe0,.csv,0,
output/verification/gfs_20260728_00z_vs_era5t.csv,152,2026-07-29T03:33:36.146244+00:00,39384223281791722ced884b9b75e85f07a26bd2142f10998fde7c9c4c3ed4f4,.csv,0,
output/verification/icon_20260728_00z_vs_era5t.csv,260,2026-07-29T03:33:36.574166+00:00,731fec3d96e1cb57cbb2cb5fd4cdf8eab3f05ecf63bea042f9a82c01171c08e6,.csv,0,
output/verification/multimodel_consensus_20260728_00z_vs_era5t.csv,1011,2026-07-29T03:33:37.438240+00:00,d1055c6bb0dfb9faee3598a008f4976b04d8aa9a44725e3cb749fbfbf1ec4ca7,.csv,0,
